date,Q_mm,P_mm,Tmean,P_mm_filled,Tmean_filled,PET_mm,Qsim_GR4J,Qsim_GR5J,Qsim_GR6J,Qsim_mm
2021-06-23,94.89198226360409,17.779999999999998,16.402006172839506,17.779999999999998,16.402006172839506,3.7202471405964284,NA,NA,NA,NA
2021-06-24,70.74110096780488,0,17.918209876543212,0,17.918209876543212,3.9829661265575624,NA,NA,NA,NA
2021-06-25,69.69817963536586,0,18.15805946791862,0,18.15805946791862,4.023521066942989,NA,NA,NA,NA
2021-06-26,70.34524018536585,0,21.72691705790297,0,21.72691705790297,4.641953090919896,NA,NA,NA,NA
2021-06-27,73.87563518799038,0,23.376543209876544,0,23.376543209876544,4.926388918372376,NA,NA,NA,NA
2021-06-28,66.97011606146343,10.413999999999998,24.300925925925924,10.413999999999998,24.300925925925924,5.084373044765086,NA,NA,NA,NA
2021-06-29,65.11243845466144,0,24.379629629629633,0,24.379629629629633,5.095170711381623,NA,NA,NA,NA
2021-06-30,33.10634478529081,0,24.786265432098766,0,24.786265432098766,5.162431477483624,NA,NA,NA,NA
2021-07-01,NA,NA,NA,0,24.333641975308645,5.080418262852629,NA,NA,NA,NA
2021-07-02,NA,NA,NA,0,23.88101851851852,4.998164917802773,NA,NA,NA,NA
2021-07-03,NA,NA,NA,0,23.4283950617284,4.915687985905975,NA,NA,NA,NA
2021-07-04,NA,NA,NA,0,22.975771604938274,4.83300399017701,NA,NA,NA,NA
2021-07-05,103.71792341740363,0,22.523148148148152,0,22.523148148148152,4.750129435331318,NA,NA,NA,NA
2021-07-06,100.93034936085367,0,23.640845070422532,0,23.640845070422532,4.9378111409487095,NA,NA,NA,NA
2021-07-07,100.56965343585367,0,24.158179012345677,0,24.158179012345677,5.02133638070017,NA,NA,NA,NA
2021-07-08,107.21977112195123,0,22.769170579029737,0,22.769170579029737,4.776402895311912,NA,NA,NA,NA
2021-07-09,97.70037840465473,1.5239999999999998,22.46450617283951,1.5239999999999998,22.46450617283951,4.717997546226958,NA,NA,NA,NA
2021-07-10,80.77380561439026,3.048,22.197530864197528,3.048,22.197530864197528,4.6658620194868785,NA,NA,NA,NA
2021-07-11,100.86606433243904,24.637999999999998,22.330246913580247,24.637999999999998,22.330246913580247,4.681995207845552,NA,NA,NA,NA
2021-07-12,81.10765404146342,0.7619999999999999,23.083724569640058,0.7619999999999999,23.083724569640058,4.80391678486951,NA,NA,NA,NA
2021-07-13,76.11501912806415,0.508,23.18672839506173,0.508,23.18672839506173,4.814010420132095,NA,NA,NA,NA
2021-07-14,74.1955139023708,5.588,23.10641627543036,5.588,23.10641627543036,4.792448873645379,NA,NA,NA,NA
2021-07-15,67.51865409613193,0,23.545524691358025,0,23.545524691358025,4.859008084837475,NA,NA,NA,NA
2021-07-16,67.95288367024392,0,23.997685185185187,0,23.997685185185187,4.927178028184087,NA,NA,NA,NA
2021-07-17,65.83545851707318,0,24.17283950617284,0,24.17283950617284,4.947736285302547,NA,NA,NA,NA
2021-07-18,44.32888342912893,0,23.443661971830984,0,23.443661971830984,4.814749253859421,NA,NA,NA,NA
2021-07-19,3.750864657804879,0,22.44287949921753,0,22.44287949921753,4.636020987509831,NA,NA,NA,NA
2021-07-20,3.0826406173170735,0,21.07511737089202,0,21.07511737089202,4.395786284985288,NA,NA,NA,NA
2021-07-21,4.335774286829269,0,22.51234567901235,0,22.51234567901235,4.628063805507019,NA,NA,NA,NA
2021-07-22,42.65352832094826,0,21.53521126760564,0,21.53521126760564,4.453713986864112,NA,NA,NA,NA
2021-07-23,46.91042313807949,0,21.145833333333332,0,21.145833333333332,4.378211574119655,NA,NA,NA,NA
2021-07-24,46.30309756609756,0,23.064814814814813,0,23.064814814814813,4.68831876567418,NA,NA,NA,NA
2021-07-25,46.38209759656149,0.508,24.37715179968701,0.508,24.37715179968701,4.895435438448565,NA,NA,NA,NA
2021-07-26,68.4085877385366,0,24.398148148148152,0,24.398148148148152,4.88645689075,NA,NA,NA,NA
2021-07-27,68.32769951560975,12.446,23.692901234567906,12.446,23.692901234567906,4.756708721832371,NA,NA,NA,NA
2021-07-28,52.91038373490897,0,24.678240740740744,0,24.678240740740744,4.906745704227646,NA,NA,NA,NA
2021-07-29,44.87841637317073,0,23.963734567901234,0,23.963734567901234,4.775274339653875,NA,NA,NA,NA
2021-07-30,37.20298695804879,0,25.876369327073558,0,25.876369327073558,5.076018440908877,NA,NA,NA,NA
2021-07-31,25.40043505471976,0,22.540123456790123,0,22.540123456790123,4.514198196146055,NA,NA,NA,NA
2021-08-01,16.669278951794634,0,23.307832422586518,0,23.307832422586518,4.625976936481315,NA,NA,NA,NA
2021-08-02,6.741590714458536,0,20.729938271604933,0,20.729938271604933,4.1916187847746205,NA,NA,NA,NA
2021-08-03,3.8417767568341468,0,20.5570987654321,0,20.5570987654321,4.150157671997278,NA,NA,NA,NA
2021-08-04,2.741643323394023,0,20.426984126984127,0,20.426984126984127,4.1154893097142455,NA,NA,NA,NA
2021-08-05,0.5876271799147195,0,20.983024691358025,0,20.983024691358025,4.191343200287339,NA,NA,NA,NA
2021-08-06,0.32216309634146345,0,21.905864197530864,0,21.905864197530864,4.325241955874363,NA,NA,NA,NA
2021-08-07,0.25598079951219516,0,21.968364197530864,0,21.968364197530864,4.319970701988468,NA,NA,NA,NA
2021-08-08,0.17811675876513733,0,21.98688271604938,0,21.98688271604938,4.30729072650101,NA,NA,NA,NA
2021-08-09,0.08887713000000001,0,23.57511737089202,0,23.57511737089202,4.543881812260462,NA,NA,NA,NA
2021-08-10,0.06426583463414634,0,24.00771604938272,0,24.00771604938272,4.595175378940165,NA,NA,NA,NA
2021-08-11,0.11050279933140032,0,25.49768518518518,0,25.49768518518518,4.812455637566784,NA,NA,NA,NA
2021-08-12,0.12048364209652312,0,25.048611111111114,0,25.048611111111114,4.722772974806321,NA,NA,NA,NA
2021-08-13,6.0084227951645675,0,25.11033950617284,0,25.11033950617284,4.713270517488346,NA,NA,NA,NA
2021-08-14,18.138456055243907,24.13,24.997685185185187,24.13,24.997685185185187,4.676161456483388,NA,NA,NA,NA
2021-08-15,20.11583171261049,1.016,23.035493827160494,1.016,23.035493827160494,4.351768157240452,NA,NA,NA,NA
2021-08-16,41.88006532756098,3.8100000000000005,22.565727699530516,3.8100000000000005,22.565727699530516,4.260330455457936,NA,NA,NA,NA
2021-08-17,65.43380747634147,5.842,21.3179012345679,5.842,21.3179012345679,4.049502056997327,NA,NA,NA,NA
2021-08-18,125.12272535487806,60.198,23.701388888888886,60.198,23.701388888888886,4.396325675293254,NA,NA,NA,NA
2021-08-19,63.3627425795122,1.27,22.539351851851855,1.27,22.539351851851855,4.198914479801392,NA,NA,NA,NA
2021-08-20,60.757165415930416,14.732000000000001,22.19598765432099,14.732000000000001,22.19598765432099,4.127091490966243,NA,NA,NA,NA
2021-08-21,56.019352378536595,0,21.34490740740741,0,21.34490740740741,3.9787920845731013,NA,NA,NA,NA
2021-08-22,57.43295072341465,1.5239999999999998,23.014084507042252,1.5239999999999998,23.014084507042252,4.210226536559785,NA,NA,NA,NA
2021-08-23,60.36668894341464,0,23.575396825396822,0,23.575396825396822,4.273214719262797,20.442546215973266,20.626819024349068,20.69131774796891,20.217358831099677
2021-08-24,50.66091945073171,0,24.754428341384862,0,24.754428341384862,4.426966512865512,20.24939051264861,20.623511078132175,20.691308345868126,19.99663017205382
2021-08-25,41.346736092516295,0,24.78472222222222,0,24.78472222222222,4.40858222749091,20.185140423371493,20.623238434149485,20.69130822761498,19.919437223108112
2021-08-26,34.60799085567895,0.7619999999999999,23.63271604938272,0.7619999999999999,23.63271604938272,4.21577203206623,20.163511802266335,20.623215956733667,20.691308226127674,19.89207334992785
2021-08-27,30.72033473505659,1.778,24.844135802469136,1.778,24.844135802469136,4.370599553369652,20.156201774504723,20.62321410360251,20.691308226108966,19.88232689534768
2021-08-28,18.75714360402412,0,24.57021604938272,0,24.57021604938272,4.306872897444181,20.153727805028225,20.623213950822446,20.691308226108724,19.878849526110063
2021-08-29,NA,NA,NA,0,23.265432098765434,4.09398937881456,20.15289014551955,20.62321393822661,20.691308226108724,19.87760811119102
2021-08-30,119.61752153853661,34.798,21.96064814814815,34.798,21.96064814814815,3.8829588939332185,50.162185043053334,51.39659613672869,51.58346057230001,49.78270839203091
2021-08-31,192.34294734146343,0,21.614197530864196,0,21.614197530864196,3.811052860782466,24.326568929262532,21.305976578835935,20.76334925231881,24.346516878014857
2021-09-01,326.952293003036,21.59,21.375771604938272,21.59,21.375771604938272,3.754858386023742,38.44258299952505,38.38007579599507,38.5051626188723,38.23637626375326
2021-09-02,118.64035448853659,10.921999999999999,19.580246913580243,10.921999999999999,19.580246913580243,3.4784759614621263,30.907599215816674,28.6182151202245,28.193502111917898,30.850604505796866
2021-09-03,72.6350605082927,0,16.998412698412697,0,16.998412698412697,3.094325617763812,22.96718338265432,21.113774993114426,20.744788641332185,22.890145157729656
2021-09-04,43.16113825680345,0,18.439043209876544,0,18.439043209876544,3.2767547213773103,20.99262750997857,20.662256134492456,20.691977060109057,20.81971237429709
2021-09-05,3.1357847151219516,0,20.90740740740741,0,20.90740740740741,3.59927356665249,20.426199922231916,20.626423632592832,20.69131663765325,20.199600259586475
2021-09-06,5.951898687073172,5.842,21.048513302034426,5.842,21.048513302034426,3.5959872972289983,22.274508221701822,22.817201131879806,22.92277158762937,22.002113970857167
2021-09-07,3.270382063902439,0,17.751173708920188,0,17.751173708920188,3.1206193160279194,21.099502983211828,20.842770277311615,20.717078721184816,20.873171777079378
2021-09-08,1.6920797092682929,0,21.644757433489826,0,21.644757433489826,3.6308478050365633,20.459525684312652,20.641029949579448,20.691631464056755,20.21708739048301
2021-09-09,6.121423890000001,3.556,19.81481481481482,3.556,19.81481481481482,3.359109553998413,20.422490877308732,20.807322250324674,20.877805742473633,20.162331325438824
2021-09-10,6.201523828536586,6.858,17.16898148148148,6.858,17.16898148148148,2.980803681688052,23.826779725246325,24.459764918361174,24.564425098161898,23.53148830550662
2021-09-11,3.457861033170732,0,16.104068857589983,0,16.104068857589983,2.818292625408162,21.644860369222855,20.952784230926905,20.729130319950805,21.444944004331333
2021-09-12,1.9318982619512197,0,19.778560250391237,0,19.778560250391237,3.2861402347531827,20.624599493738188,20.64974663487847,20.691782020496564,20.398978990162203
2021-09-13,0.5246320785365854,0,22.016666666666666,0,22.016666666666666,3.5578690343465533,20.308903510854453,20.625397195800787,20.691314184874592,20.058996560390746
2021-09-14,0.16954757769512196,0,21.05246913580247,0,21.05246913580247,3.4065397718041646,20.205059425172998,20.62339390576964,20.691308301054008,19.941405190619733
2021-09-15,0.2044850593170732,0,21.665755919854277,0,21.665755919854277,3.4616509291310544,20.170231006373164,20.623228774291462,20.691308227051334,19.89988031069436
2021-09-16,0.2693056280487805,0,21.405864197530864,0,21.405864197530864,3.4029315065621617,20.15847430346941,20.623215160335747,20.691308226120583,19.885110056595252
2021-09-17,0.1316194906609756,0,21.850308641975303,0,21.850308641975303,3.4346656677101204,20.154497088871963,20.623214037944066,20.69130822610888,19.87984282618431
2021-09-18,1.1175386769840732,0,21.186728395061728,0,21.186728395061728,3.3247423944251486,20.15315063745087,20.62321394540929,20.691308226108724,19.877962757824868
2021-09-19,2.7745524197560982,2.54,21.159722222222225,2.54,21.159722222222225,3.296180495938602,20.152694695002147,20.62321393778032,20.691308226108724,19.877291473374413
2021-09-20,4.279005579512196,1.5239999999999998,21.872222222222224,1.5239999999999998,21.872222222222224,3.36002433299052,20.152540288415807,20.623213937151363,20.691308226108724,19.877051761199663
2021-09-21,28.856663664146343,1.016,17.612654320987655,1.016,17.612654320987655,2.805508812394993,20.15248799657124,20.6232139370995,20.691308226108724,19.876966157674484
2021-09-22,431.42529564878055,130.048,19.258487654320984,130.048,19.258487654320984,2.9861097069278273,146.23677108180658,147.53922933060426,147.73001212650567,145.84475183281273
2021-09-23,0.3916679800170732,5.842,13.408730158730158,5.842,13.408730158730158,2.248065483110098,28.07014617749066,24.86694608531379,24.35253604334264,28.121532247761223
2021-09-24,4.988516851066203,0,11.80864197530864,0,11.80864197530864,2.0362095795906883,22.370644025505406,20.962490299404617,20.727732953910966,22.278766956505162
2021-09-25,NA,NA,NA,0,12.756430041152262,2.1335969867493403,20.831994957155178,20.65050905711375,20.69176458342388,20.64821760259339
2021-09-26,NA,NA,NA,0,13.704218106995883,2.2290812724055407,20.375492326592237,20.625459807883477,20.69131396558455,20.142931899202974
2021-09-27,15.437648491149826,0,14.652006172839505,0,14.652006172839505,2.322662854196305,20.227216552115088,20.623399066117717,20.691308298295933,19.970774550656934
2021-09-28,9.39714123419769,0,18.174491392801254,0,18.174491392801254,2.7161040295050807,20.177690570109835,20.62322919972144,20.69130822701665,19.91029318083824
2021-09-29,9.043465094268294,0,18.78240740740741,0,18.78240740740741,2.763844203229009,20.160995567450186,20.623215195409948,20.691308226120142,19.888819134171463
2021-09-30,8.385528763170733,0,17.630672926447573,0,17.630672926447573,2.6076070081796714,20.155350382593753,20.623214040835737,20.691308226108866,19.881166190379048
2021-10-01,6.652219092527639,0,14.488727858293077,0,14.488727858293077,2.2262873959035008,20.153439554649772,20.62321394564768,20.691308226108724,19.878435200204127
2021-10-02,4.389218534634147,0,16.122685185185187,0,16.122685185185187,2.3920313781598432,20.15279253447948,20.623213937799974,20.691308226108724,19.877460171278926
2021-10-03,5.019274928048781,0,17.969135802469136,0,17.969135802469136,2.578399496383581,20.15257342266708,20.62321393715297,20.691308226108724,19.877112003722665
2021-10-04,18.737666819634146,21.843999999999998,19.350308641975314,21.843999999999998,19.350308641975314,2.7093587974505464,38.47471451437378,39.62358200941474,39.80363304868007,38.10929841005283
2021-10-05,16.889714108414637,1.5239999999999998,19.13503086419753,1.5239999999999998,19.13503086419753,2.6615586801345272,23.87018514272556,21.267676670359023,20.76017337995016,23.840213104665278
2021-10-06,11.68521517792683,10.414,19.596031746031752,10.414,19.596031746031752,2.6881282976977428,28.454462369666164,28.29669976067514,28.398384233984306,28.258536297365076
2021-10-07,8.188855494146342,1.5239999999999998,18.561815336463226,1.5239999999999998,18.561815336463226,2.551890990474489,22.70404986865696,21.110331990830325,20.745420427756418,22.59141788440657
2021-10-08,9.424868436219514,9.143999999999998,17.013302034428794,9.143999999999998,17.013302034428794,2.3625430656020794,27.239141376224154,27.345874090506804,27.454319682669162,27.010590153657454
2021-10-09,9.721810642682929,2.2859999999999996,16.940532081377153,2.2859999999999996,16.940532081377153,2.3332256933237887,22.480937171197695,21.08060693744995,20.74245876601785,22.348387041096892
2021-10-10,7.459954655487806,0.254,17.316358024691358,0.254,17.316358024691358,2.3513811695347133,20.862342620968093,20.659702471017408,20.691948080266336,20.66821172293895
2021-10-11,7.792762826707318,0,16.6875,0,16.6875,2.2639958807719074,20.38512979236277,20.62621424931159,20.69131627321505,20.14958384460133
2021-10-12,7.305114939512196,0,18.427469135802465,0,18.427469135802465,2.4229002252004608,20.230412045202208,20.62346124180467,20.69130832731971,19.973092528460626
2021-10-13,6.113445977195123,0,19.34523809523809,0,19.34523809523809,2.4942910539688996,20.178765117527924,20.6232343255911,20.69130822738169,19.911113830997813
2021-10-14,5.853493449878049,0,17.965277777777782,0,17.965277777777782,2.330816462089042,20.161358610323738,20.62321561800756,20.691308226124733,19.88911130106724
2021-10-15,4.339176575853659,0,19.87114197530864,0,19.87114197530864,2.5004440588609094,20.15547323390975,20.623214075676493,20.691308226108923,19.88127041376785
2021-10-16,11.194246080365856,0,15.929783950617285,0,15.929783950617285,2.084272390052828,20.153481149054635,20.623213948520103,20.69130822610873,19.878472405637662
2021-10-17,10.44566521390244,6.35,10.48611111111111,6.35,10.48611111111111,1.5275141537499475,24.580637653444096,25.362938630759956,25.49614024738193,24.26745890206876
2021-10-18,8.349514655487805,0,12.012345679012345,0,12.012345679012345,1.6620598227278958,21.88625114831001,21.000639004934914,20.734303188053598,21.697949647363735
2021-10-19,8.512519022560976,0,12.772376543209877,0,12.772376543209877,1.7197116941696147,20.695091887828,20.65349538165193,20.691846525291957,20.476555363395704
2021-10-20,6.491201952804879,0,13.229166666666666,0,13.229166666666666,1.7470062858099136,20.331679692293754,20.625704985825614,20.691314996085083,20.085324508645648
2021-10-21,3.612963409024391,0,12.73148148148148,0,12.73148148148148,1.682991004082779,20.212653516755346,20.623419272684437,20.691308311256858,19.950641599441056
2021-10-22,6.2292339342439025,4.571999999999999,13.661971830985916,4.571999999999999,13.661971830985916,1.7542717202890752,22.729415906415227,23.380562507555545,23.49364077243327,22.43608544436134
2021-10-23,8.266329397317074,0,11.719092331768387,0,11.719092331768387,1.556502858619288,21.28133668494327,20.884749989171823,20.72177428445392,21.059669241346867
2021-10-24,7.126800627073171,0,16.449074074074076,0,16.449074074074076,1.9776113651030587,20.515480358738753,20.6443724383726,20.69169016991084,20.277440326850478
2021-10-25,4.392002167418451,0,16.10746812386157,0,16.10746812386157,1.9273607036840663,20.273353055829226,20.624955656191908,20.691313029745,20.017375228507998
2021-10-26,14.003160804512197,13.208,10.549886621315194,13.208,10.549886621315194,1.4062090426959306,31.321867112685293,32.30462684180122,32.471934329765084,30.985069941642973
2021-10-27,11.642493859024391,0,8.658059467918623,0,8.658059467918623,1.2232378751823587,23.211690169056638,21.196386317244396,20.753784441250872,23.121335567115104
2021-10-28,9.208288722073172,0,9.44679186228482,0,9.44679186228482,1.2814398540401035,21.056043078020387,20.668564008106564,20.692088818865702,20.88222245240426
2021-10-29,44.08567055002307,20.32,13.849537037037038,20.32,13.849537037037038,1.655923404666828,38.32329592741621,39.157346058019705,39.333122135966576,38.013738249247346
2021-10-30,33.80548785585366,13.716,10.597993827160492,13.716,10.597993827160492,1.3571604026082156,35.713395690130156,33.52007529759461,33.10751032475026,35.63917591349077
2021-10-31,40.012450853414634,0.7619999999999999,11.777777777777779,0.7619999999999999,11.777777777777779,1.4458798935770651,23.555927508659202,21.210714234047416,20.75463668681337,23.516230702221605
2021-11-01,9.891749129670586,0.508,11.47530864197531,0.508,11.47530864197531,1.4063115185871722,21.143034010946575,20.66965046233598,20.692099395633203,20.98614955866443
2021-11-02,10.179186979536588,2.794,5.945987654320986,2.794,5.945987654320986,0.9254871780951678,22.160417222769745,22.44914380473982,22.545903627346622,21.926089621445296
2021-11-03,11.879357721219513,5.3340000000000005,3.7292644757433475,5.3340000000000005,3.7292644757433475,0.7311060016649085,25.280715771842175,25.34631863805292,25.308999089991822,25.02878927602536
2021-11-04,10.556081780311002,0,4.175273865414712,0,4.175273865414712,0.7612569612691371,21.996870398679164,20.99666677337533,20.73332459731184,21.829134696785598
2021-11-05,10.631945227934942,0,2.5031298904538346,0,2.5031298904538346,0.6167215525733623,20.726884646857425,20.65318519464917,20.6918343278606,20.5160998018386
2021-11-06,11.223172039350732,0,3.1226851851851873,0,3.1226851851851873,0.6614670282927912,20.34190357916093,20.625679524348016,20.691314842691384,20.098674281577743
2021-11-07,11.893496141741977,0,5.982253086419753,0,5.982253086419753,0.886119121793462,20.21605717067676,20.623417174286725,20.691308309327574,19.95531654236146
2021-11-08,26.28861076680768,0,9.475743348982787,0,9.475743348982787,1.1573547077298516,20.17393550181734,20.623230692594547,20.69130822715539,19.90481603764574
2021-11-09,13.140118040487806,0,10.89043209876543,0,10.89043209876543,1.258988810422691,20.159726607777138,20.623215318488544,20.691308226121887,19.886868607993833
2021-11-10,10.279902989268294,0,14.226984126984128,0,14.226984126984128,1.5097195221175428,20.154920942366896,20.623214050982853,20.691308226108895,19.880470316712504
2021-11-11,10.907475950121954,0,11.429783950617285,0,11.429783950617285,1.2786659147308286,20.15329415311323,20.623213946484242,20.691308226108724,19.87818677970175
2021-11-12,44.08673209903705,41.148,12.219135802469136,41.148,12.219135802469136,1.3283751724678812,59.03674869544378,60.29920035572361,60.48789999726411,58.65239304376134
2021-11-13,24.10179297318029,0,4.1017214397496105,0,4.1017214397496105,0.6960877562055016,24.475679009672547,21.316242058223203,20.764149887881914,24.513856121995882
2021-11-14,16.719790649707942,0.508,2.2731481481481493,0.508,2.2731481481481493,0.5514977237188209,21.36299045401012,20.677584268928207,20.692217329288667,21.23356580973889
2021-11-15,16.480857796247562,0,3.423611111111112,0,3.423611111111112,0.6333636245186013,20.54030618419943,20.627678807097972,20.691319659089984,20.332815168481453
2021-11-16,16.07051549385366,0,6.322530864197529,0,6.322530864197529,0.8442818274747618,20.2814727435803,20.62358192076428,20.691308369904874,20.036395357317218
2021-11-17,11.974985053943781,0,9.284600389863549,0,9.284600389863549,1.0564760955463905,20.19589203427141,20.62324427443813,20.691308227917297,19.933458536173063
2021-11-18,15.940683027439025,0,11.182316118935837,0,11.182316118935837,1.187247813214901,20.167140151231987,20.62321643823023,20.691308226131472,19.897058039263406
2021-11-19,14.148174410344684,1.27,2.6531746031746035,1.27,2.6531746031746035,0.5570777880024699,20.788908329883192,21.31074735946403,21.392587961432547,20.509120529022155
2021-11-20,12.902556488613465,0,-0.42052469135802384,0,-0.42052469135802384,0.3307735743273256,20.469756193981812,20.7034019447587,20.700949685004016,20.20806280574162
2021-11-21,13.410608491687004,0,0.7955246913580262,0,0.7955246913580262,0.41545020429830415,20.258349300535087,20.629786638034723,20.691429365693985,19.993410309344235
2021-11-22,19.371184298560976,0.254,5.882716049382716,0.254,5.882716049382716,0.7743687701217815,20.188145980000307,20.62375556009394,20.691309749701034,19.918299667192457
2021-11-23,17.023184130771952,0,-0.29761904761904706,0,-0.29761904761904706,0.33219167063982813,20.164526453968595,20.62325858906422,20.691308245271433,19.89166866008908
2021-11-24,14.584098035853659,0,0.8888888888888897,0,0.8888888888888897,0.41308901208039356,20.156545035086133,20.62321761838307,20.69130822634974,19.88218257042179
2021-11-25,12.993983512921913,0,5.230709876543212,0,5.230709876543212,0.712749972624416,20.15384401412814,20.623214240595992,20.69130822611175,19.87879801019146
2021-11-26,16.339953194429903,0.7619999999999999,4.718954248366012,0.7619999999999999,4.718954248366012,0.6725998275996588,20.224008648037334,20.70084091505351,20.770591538826352,19.947918977179405
2021-11-27,15.269671276109166,0,0.3549382716049365,0,0.3549382716049365,0.3682009009113528,20.18958931570245,20.632889307398024,20.6924850031688,19.915591544113347
2021-11-28,15.356945950439446,0,4.299382716049382,0,4.299382716049382,0.6354300982153357,20.165013611580896,20.624011055695696,20.69132302496499,19.89070506605367
2021-11-29,17.004744795,0,1.9236111111111103,0,1.9236111111111103,0.470243072234008,20.156709830859064,20.623279651170243,20.691308412238463,19.881838901504466
2021-11-30,12.551974954507752,0,3.225352112676055,0,3.225352112676055,0.5554126094786215,20.153899803567327,20.623219354819646,20.69130822844974,19.87867533689674
2021-12-01,12.396823011569426,0,4.068672839506174,0,4.068672839506174,0.6089399185833547,20.152948388622338,20.62321438375516,20.69130822613817,19.87754591557598
2021-12-02,11.580917047997325,1.27,9.527006172839505,1.27,9.527006172839505,0.9702346293966326,20.412203607171904,20.9064112072653,20.980415451122703,20.134006529601493
2021-12-03,15.761669931219515,0,13.323302469135804,0,13.323302469135804,1.2175231396185537,20.285738531465114,20.657719675578047,20.69548825052055,20.015571240638046
2021-12-04,10.717022071050001,0,9.266835016835017,0,9.266835016835017,0.9433636865234687,20.197319199887712,20.62605161983746,20.691360776282696,19.926122227260556
2021-12-05,10.845160810050661,0,7.37037037037037,0,7.37037037037037,0.8141786897227978,20.16762150424833,20.623447839618493,20.691308887045636,19.89445071748208
2021-12-06,9.804265352880256,0,10.655864197530866,0,10.655864197530866,1.0259098904366606,20.157591902175028,20.623233220695923,20.69130823442154,19.883174630629625
2021-12-07,12.88276033135094,1.016,1.5339966832504162,1.016,1.5339966832504162,0.4264007081638213,20.674430254494002,21.18997935559009,21.269548455061823,20.39401884832452
2021-12-08,10.834471813044384,0,3.15895061728395,0,3.15895061728395,0.5303881391663016,20.415162629770883,20.690177109947506,20.699377199132286,20.15054885950988
2021-12-09,11.38610199378293,0,-0.40123456790123413,0,-0.40123456790123413,0.29787685393185087,20.240351725165915,20.628707909783877,20.69140962521883,19.973428687154815
2021-12-10,14.626593470460733,0,5.319223985890654,0,5.319223985890654,0.6661864467168959,20.182105489246908,20.623666703040634,20.691309501424534,19.91123282926013
2021-12-11,24.261022254309037,15.748,12.011737089201878,15.748,12.011737089201878,1.094887627736303,34.07526937273774,35.148866563042425,35.322660402280334,33.72226985650913
2021-12-12,29.422884213750002,13.97,3.52582159624413,13.97,3.52582159624413,0.5472044787623568,36.41415356741304,34.548744127702264,34.16838819259189,36.30063068335552
2021-12-13,18.05277070508831,0,1.4691358024691366,0,1.4691358024691366,0.414165531007063,23.62968738560687,21.223671440679084,20.755907974183543,23.592895067644086
2021-12-14,15.839656603193015,0,4.084876543209875,0,4.084876543209875,0.580342011737591,21.16133309650882,20.670631064121082,20.692115169354732,21.005919566202728
2021-12-15,13.997487259228098,0,4.045524691358023,0,4.045524691358023,0.5767135783485382,20.478656899306387,20.62710977624122,20.69131837442565,20.26014957701756
2021-12-16,11.754829866219513,0,7.066358024691357,0,7.066358024691357,0.7680494305963532,20.2612749268864,20.6235350359063,20.691308353747267,20.01141662467621
2021-12-17,15.188958165365854,0,13.331768388106417,0,13.331768388106417,1.1652787871232708,20.18912694734597,20.62324040924256,20.691308227714078,19.92465689653364
2021-12-18,8.48368570390244,0,11.4375,0,11.4375,1.0437594673129476,20.164857559194935,20.623216119568237,20.69130822612891,19.893929730414484
2021-12-19,16.825835971097565,7.874,7.0694444444444455,7.874,7.0694444444444455,0.7658052763232865,26.7529094894606,27.631308842628044,27.780184224816985,26.42825524961946
2021-12-20,11.258701358026713,0,-1.1766975308641985,0,-1.1766975308641985,0.2424732258244691,22.433938767158747,21.090506764031304,20.74354085118112,22.282306355322696
2021-12-21,11.100147183658539,0,-0.34490740740740755,0,-0.34490740740740755,0.2951721869814306,20.849447454263178,20.660465947288976,20.69196154141936,20.64923702551819
2021-12-22,10.948205306341464,0,3.231481481481483,0,3.231481481481483,0.5220055652515803,20.381037981046866,20.626276857380994,20.691316442497076,20.14327134614012
2021-12-23,10.38739594390244,0,1.5430359937402196,0,1.5430359937402196,0.41510166484536215,20.229055672980635,20.62346640120934,20.691308329448816,19.970892870346496
2021-12-24,9.489299160861348,0,5.655092592592593,0,5.655092592592593,0.6764540206448685,20.178309049700133,20.623234750939133,20.69130822740847,19.910335074596986
2021-12-25,13.76743470073171,0,10.640432098765432,0,10.640432098765432,0.9939469942668319,20.16120452926159,20.62321565307498,20.69130822612507,19.88883404966743
2021-12-26,9.085588734146343,0,14.530864197530867,0,14.530864197530867,1.242786234907639,20.15542109440105,20.623214078567592,20.691308226108934,19.881171511184462
2021-12-27,8.62863768585366,0,7.6603174603174615,0,7.6603174603174615,0.8068755100465628,20.153463495969895,20.62321394875847,20.691308226108724,19.878437099621976
2021-12-28,12.251047878658538,2.54,14.062597809076683,2.54,14.062597809076683,1.2171853233273946,21.33699840551687,21.908925989770644,22.0011967176341,21.049834830133094
2021-12-29,7.6964702606652455,0.508,14.849537037037035,0.508,14.849537037037035,1.270171952398327,20.72261507700695,20.764072773649318,20.708072197937927,20.471531010741312
2021-12-30,10.7677132837335,10.414,12.480709876543209,10.414,12.480709876543209,1.1213276224815567,29.044075988720763,29.816061793322092,29.963827885375633,28.727566780407116
2021-12-31,11.971318856963418,0.508,8.637345679012347,0.508,8.637345679012347,0.8771770619233624,22.864661768773814,21.149615503110624,20.749338706013184,22.7476277707693
2022-01-01,24.44855635646342,28.956000000000003,13.939542483660132,28.956000000000003,13.939542483660132,1.2220946532541896,47.8676053212384,48.25909944939873,48.4031416439861,47.59352043210324
2022-01-02,289.66407669365856,40.894,14.173611111111112,40.894,14.173611111111112,1.241283079658874,63.241308580042144,60.82901893153161,60.402601613269624,63.189432883227404
2022-01-03,670.7306250985556,35.559999999999995,2.8896713615023493,35.559999999999995,2.8896713615023493,0.5125965641124152,58.904026208038914,56.24140758327175,55.79864475523066,58.88643888646598
2022-01-04,595.2065191414391,14.985999999999999,-3.311728395061729,14.985999999999999,-3.311728395061729,0.11010969856597642,38.81357405902234,36.079680037923644,35.627957904801335,38.8075652931313
2022-01-05,297.6962036066214,0,0.3263888888888881,0,0.3263888888888881,0.3488168414270488,23.791496538241752,21.239409765690425,20.757354170974544,23.773334758827858
2022-01-06,195.1652646779408,0,4.0042735042735025,0,4.0042735042735025,0.5922533203234651,21.201063814809356,20.671819701341292,20.692133108127017,21.051941056963116
2022-01-07,198.16835788849494,9.143999999999998,-5.238888888888889,9.143999999999998,-5.238888888888889,0,29.058433356659698,29.66044347630474,29.815013990426376,28.78636638671932
2022-01-08,145.1424211446005,0,-7.313271604938271,0,-7.313271604938271,0,22.85818911730018,21.146203416810373,20.749101785210808,22.74621868356985
2022-01-09,122.56415587865855,0,1.9699074074074079,0,1.9699074074074079,0.4651849666835826,20.963924380288503,20.664744701334854,20.69203088695469,20.780171295821482
2022-01-10,619.0625300404417,15.239999999999998,0.1457326892109497,15.239999999999998,0.1457326892109497,0.3452795524530905,34.582727278707864,35.393426111966946,35.564237873863085,34.276191125938524
2022-01-11,562.4482774022928,0,-3.4282407407407414,0,-3.4282407407407414,0.10605633223814358,23.5637134383728,21.23502587650276,20.757307723604296,23.507421520038278
2022-01-12,329.93116612356994,0,-0.5185185185185186,0,-0.5185185185185186,0.30415756975813435,21.1449712252606,20.67148887657393,20.692132532074588,20.9838695197676
2022-01-13,271.472819001939,0,0.7206790123456801,0,0.7206790123456801,0.39061420597382773,20.473604814820735,20.627180008269043,20.691318592764354,20.253032182111873
2022-01-14,334.9130772665854,1.016,1.2962962962962976,1.016,1.2962962962962976,0.43261685085662077,20.774811875226412,21.18421955862188,21.263346956071132,20.51902785047853
2022-01-15,223.8252339643903,0,0.16589506172839683,0,0.16589506172839683,0.35725096581664323,20.445737718332076,20.689525225364203,20.699296674871363,20.191027739678766
2022-01-16,189.09393387731708,0,-4.929012345679013,0,-4.929012345679013,0.004942073979455538,20.25044247318375,20.628654683091575,20.691408614165937,19.987502821158678
2022-01-17,262.1198589439025,25.907999999999998,-2.1566358024691348,25.907999999999998,-2.1566358024691348,0.19931673309151507,45.02108386549834,46.19288087556711,46.37726877981175,44.653211099215575
2022-01-18,179.8094304387805,0,-2.2955246913580236,0,-2.2955246913580236,0.1909249165916985,24.179641203061696,21.294634990883612,20.76243495681743,24.182867090656124
2022-01-19,120.0955419782927,0,-1.4259259259259258,0,-1.4259259259259258,0.25415115200615784,21.294108442942104,20.675969517260597,20.692196087126938,21.153797150673505
2022-01-20,577.0960257256098,2.54,1.0679012345679024,2.54,1.0679012345679024,0.4347040973615281,22.425280020661486,22.682713394643258,22.782291471847916,22.196750821993355
2022-01-21,778.3653329926831,0,-5.122719734660033,0,-5.122719734660033,0,21.12053956651345,20.831999799036886,20.71591762442073,20.907712855354298
2022-01-22,515.7144812685367,0,-6.837962962962964,0,-6.837962962962964,0,20.466138602280893,20.640257633213924,20.691703767396206,20.228432931322562
2022-01-23,421.40147922292687,0,-2.128858024691359,0,-2.128858024691359,0.21053650125682968,20.257173455311616,20.62462101440391,20.691313409884106,20.00047671262255
2022-01-24,420.31589134609766,0,1.4390432098765435,0,1.4390432098765435,0.47599521746462703,20.187751641973442,20.62332993073289,20.691308291306715,19.920795742876713
2022-01-25,469.5267585804878,0,3.916666666666665,0,3.916666666666665,0.6645924242476254,20.16439334480787,20.62322350002805,20.69130822692874,19.892556593493588
2022-01-26,855.6645658112197,0,-1.9783950617283945,0,-1.9783950617283945,0.22710268707774298,20.156500005592527,20.623214725503594,20.691308226119038,19.88249922798403
2022-01-27,764.3186006414635,0,-4.381944444444445,0,-4.381944444444445,0.046849074926340786,20.153828769836977,20.62321400209465,20.691308226108855,19.878911038324603
2022-01-28,650.7003698919514,0,-1.0432098765432092,0,-1.0432098765432092,0.302523882615952,20.152924334898245,20.623213942453713,20.691308226108724,19.877630074369996
2022-01-29,579.5232364141465,1.27,-4.993827160493826,1.27,-4.993827160493826,4.7609769404077497e-4,21.28834311389132,21.856601280179433,21.94801078434378,21.00152941470094
2022-01-30,437.7955829334147,0,-6.104938271604937,0,-6.104938271604937,0,20.70111606302128,20.75915747223074,20.707581119995503,20.44900240806344
2022-01-31,368.34629246165855,0,-3.6481481481481475,0,-3.6481481481481475,0.10613810051741641,20.33363355035018,20.634315622994286,20.691512760121554,20.07600945531941
