Site,Date,Li,Na,Mg,Al,Si,P,S,Cl,K,Ca,Ti,V,Cr,Fe,Mn,Co,Ni,Cu,Zn,As,Se,Sr,Mo,Sn,Ba,Pb,U
MCD1,9/12/2025,2.4,"3,092.2","2,534.0",7.1,"4,639.0",21.1,5.3,0.7,"1,615.3","3,000.4",0.7,0.1,0.0,60.3,31.1,0.2,1.0,0.4,44.5,0.2,0.2,17.5,0.2,0.1,61.5,0.1,0.0
CHY1,9/13/2025,3.1,"1,827.3","2,374.5",7.3,"4,662.1",-1.9,3.6,0.5,"1,316.4","3,120.1",0.7,0.1,0.1,16.3,6.3,0.6,1.9,0.2,4.7,0.1,0.1,13.9,0.0,0.0,54.2,0.0,0.0
DFT1,9/12/2025,0.8,"8,187.4","4,101.4",13.0,"3,114.2",4.7,6.3,10.5,"1,485.0","5,949.7",0.7,0.3,0.0,63.8,12.9,0.1,0.5,0.2,11.2,0.2,0.2,26.1,0.0,0.0,35.1,0.0,0.0
FSV1,9/17/2025,0.4,"4,242.0","1,919.7",2.0,"2,838.2",1.5,3.7,4.5,"1,078.8","3,380.3",0.1,0.1,0.0,0.8,7.7,0.0,0.6,0.1,9.3,0.1,0.1,15.2,0.0,0.0,45.0,0.0,0.0
BST1,9/17/2025,1.9,"2,308.0","2,600.0",15.5,"5,350.1",6.3,3.8,0.3,"1,538.2","4,828.9",0.5,0.1,0.1,555.6,233.1,1.2,2.6,0.3,9.1,0.9,0.1,24.0,0.0,0.0,64.7,0.1,0.0
SRT1,9/17/2025,2.1,"2,350.5","1,349.6",15.2,"4,290.8",2.9,3.9,0.3,986.5,"2,226.4",0.3,0.1,0.0,18.2,35.9,0.2,2.0,0.2,10.6,0.1,0.0,15.5,-0.1,0.0,57.3,0.0,0.0
JPY1,9/17/2025,0.3,"11,168.7","5,692.9",0.7,"2,824.5",4.0,1.7,13.2,"1,536.0","10,707.5",0.1,0.3,0.1,148.7,"2,471.5",2.0,1.1,0.3,12.0,0.2,0.2,43.2,0.0,0.0,71.3,0.0,0.0
LSR1,9/17/2025,1.7,"2,284.0","2,004.7",12.4,"4,094.7",7.2,3.2,0.4,"1,382.9","3,861.9",0.3,0.1,0.0,99.7,55.7,0.4,2.1,0.3,13.5,0.2,0.0,21.3,-0.1,0.0,69.1,0.1,0.0
MCD1,9/28/2025,2.3,"2,759.6","2,186.0",15.8,"4,500.2",11.6,4.9,0.5,"1,804.0","2,973.7",-3.6,0.1,0.1,45.8,4.3,0.6,2.5,0.5,27.4,0.1,0.1,15.3,-0.1,0.0,34.9,0.0,0.0
SCH1,9/28/2025,3.4,"2,596.0","2,305.2",30.4,"4,917.4",9.9,5.6,0.6,"1,673.6","2,757.7",0.7,0.1,0.1,84.9,1.9,0.1,1.3,0.4,13.9,0.1,0.0,15.7,-0.1,0.0,54.9,0.0,0.0
CHY1,9/28/2025,3.3,"2,065.7","2,524.8",7.5,"4,743.9",6.3,3.5,0.4,"1,487.2","3,010.1",0.5,0.1,0.0,14.0,3.2,0.0,1.5,0.4,11.9,0.1,0.1,14.6,0.1,0.0,70.1,0.0,0.0
DFT1,9/28/2025,0.8,"7,350.7","4,066.3",16.9,"3,123.9",7.9,5.6,8.7,"2,024.0","5,931.6",0.6,0.3,0.1,81.3,13.5,0.1,0.9,0.3,11.9,0.2,0.2,26.4,0.0,0.0,48.1,0.0,0.0
FSV1,9/28/2025,0.8,"3,259.0","1,976.0",74.5,"3,055.0",9.7,3.9,2.4,"1,299.2","3,655.2",1.8,0.3,0.1,242.8,12.9,0.1,1.7,0.6,13.9,0.3,0.1,16.4,0.0,0.0,52.8,0.1,0.0
BST1,9/28/2025,1.4,"1,364.4","1,252.9",89.7,"3,479.9",9.7,4.0,0.2,"1,141.1","2,216.1",-1.5,0.2,0.1,120.2,5.1,0.1,1.7,0.5,17.3,0.2,0.1,11.1,0.0,0.0,44.3,0.1,0.0
MPL1,9/28/2025,0.9,749.2,"1,135.7","1,290.8","2,866.0",24.4,1.5,0.0,"3,364.8","1,947.4",23.0,1.8,1.0,858.3,220.9,4.2,3.9,1.8,17.5,0.7,0.2,10.6,0.0,0.0,60.4,0.6,0.1
SRT1,9/28/2025,1.8,"1,377.0",887.2,312.0,"3,930.7",11.7,3.0,0.2,859.7,"1,379.8",6.2,0.6,0.3,409.6,6.2,0.1,1.7,0.5,13.0,0.2,0.0,9.3,-0.1,0.0,46.9,0.2,0.0
JPY1,9/28/2025,1.5,"1,830.7","1,245.3",80.1,"4,046.3",9.6,3.3,0.3,"1,306.3","2,150.9",1.8,0.2,0.1,103.1,6.4,0.5,2.1,0.6,20.1,0.1,0.0,11.0,-0.1,0.0,50.4,0.1,0.0
LSR1,9/28/2025,1.9,"2,631.4","1,538.6",84.9,"4,142.5",24.1,2.7,0.4,"1,487.3","3,144.9",2.4,0.3,0.2,157.2,10.9,0.1,1.9,0.6,49.8,0.2,0.0,17.1,-0.1,0.0,80.9,0.2,0.0
MCD1,10/6/2025,2.3,"2,914.9","2,535.8",5.4,"4,679.9",6.7,4.7,0.5,"1,667.8","2,912.4",0.3,0.1,0.0,7.0,5.8,0.1,0.9,0.3,14.7,0.1,0.0,17.2,-0.1,0.0,55.4,0.0,0.0
SCH1,10/6/2025,3.5,"3,633.8","2,710.4",6.5,"4,967.6",27.5,6.1,0.6,"1,705.7","2,996.0",0.3,0.1,0.1,5.2,5.4,0.0,1.2,0.4,67.0,0.1,0.0,17.9,-0.1,0.0,97.2,0.1,0.0
CHY1,10/6/2025,3.0,"2,308.7","2,677.8",3.5,"4,553.9",7.4,3.6,0.5,"1,385.5","3,112.4",0.4,0.1,0.0,-0.5,2.9,0.0,1.1,0.4,21.2,0.1,0.1,15.1,0.1,0.0,76.3,0.0,0.0
DFT1,10/6/2025,0.7,"8,142.6","4,247.1",8.2,"3,073.3",7.4,5.9,10.2,"1,819.0","6,004.4",0.3,0.3,0.1,38.2,7.7,0.0,0.7,0.3,12.1,0.2,0.2,26.9,0.0,0.0,48.3,0.0,0.0
FSV1,10/6/2025,0.4,"4,199.3","1,970.8",6.8,"2,960.2",5.8,3.6,4.0,"1,155.1","3,465.0",0.2,0.2,0.0,61.2,3.0,0.0,0.6,0.2,11.8,0.1,0.1,15.6,0.0,0.0,46.8,0.0,0.0
BST1,10/6/2025,3.1,"2,134.9","2,227.0",15.4,"4,954.0",6.5,4.8,0.3,"1,305.4","4,726.5",1.0,0.1,0.1,196.7,72.0,1.4,3.9,0.3,16.8,0.3,0.1,19.3,0.0,0.0,62.9,0.0,0.0
SRT1,10/6/2025,1.6,"1,512.9","1,026.2",33.5,"3,965.7",4.4,3.3,0.3,816.0,"1,591.1",0.7,0.1,0.1,30.1,11.5,0.0,1.7,0.2,12.1,0.1,0.0,10.6,-0.1,0.0,55.3,0.0,0.0
JPY1,10/6/2025,1.3,"1,940.4","1,251.7",21.6,"4,095.0",15.0,3.5,0.5,"1,239.8","1,894.2",0.5,0.1,0.1,21.0,3.6,0.1,0.8,0.2,14.8,0.1,0.1,10.7,-0.1,0.0,46.6,0.0,0.0
LSR1,10/6/2025,1.7,"2,540.5","1,871.6",10.0,"4,280.9",6.3,2.7,0.3,"1,507.9","3,634.3",0.2,0.1,0.0,24.3,12.8,0.1,1.4,0.3,12.3,0.2,0.0,19.6,-0.1,0.0,61.9,0.0,0.0
MCD1,10/25/2025,1.9,"3,099.0","2,463.3",6.4,"4,394.4",6.6,5.0,0.6,"1,550.3","3,252.6",0.6,0.1,0.1,20.4,7.6,0.8,2.0,0.3,17.9,0.1,0.1,16.0,-0.1,0.0,53.6,0.0,0.0
SCH1,10/25/2025,3.1,"3,176.4","2,432.9",6.1,"4,591.1",6.3,5.8,0.6,"1,560.9","3,289.8",0.8,0.1,0.1,16.3,3.6,1.0,2.4,0.3,18.2,0.1,0.0,16.0,-0.1,0.0,54.3,0.0,0.0
CHY1,10/25/2025,2.6,"2,336.8","2,884.0",2.6,"4,313.7",7.5,3.5,0.5,"1,316.9","3,284.8",0.1,0.1,0.0,-0.7,1.2,0.1,1.0,0.2,15.9,0.1,0.0,15.4,-0.1,0.0,70.8,0.0,0.0
DFT1,10/25/2025,0.6,"8,466.6","4,158.6",5.2,"2,837.1",20.3,6.5,10.2,"1,748.2","5,621.7",0.4,0.3,0.1,18.5,6.3,0.1,0.6,0.3,45.8,0.2,0.2,25.0,0.1,0.0,58.0,0.1,0.0
FSV1,10/26/2025,0.4,"4,250.2","1,926.8",5.5,"2,956.3",6.7,3.9,4.0,"1,128.9","3,376.3",0.2,0.2,0.0,83.6,5.6,0.0,0.7,0.2,16.1,0.2,0.1,15.4,0.0,0.0,48.3,0.0,0.0
BST1,10/26/2025,3.4,"2,226.3","2,209.9",9.4,"4,996.0",6.1,5.4,0.4,"1,101.7","3,982.7",0.4,0.1,0.0,89.6,62.9,0.5,1.3,0.2,18.0,0.2,0.0,17.7,0.0,0.0,60.2,0.0,0.0
SRT1,10/26/2025,1.5,"1,756.3","1,053.6",36.4,"3,906.6",15.8,3.5,0.3,803.2,"1,546.3",0.7,0.1,0.1,27.4,45.6,0.1,1.3,0.2,33.7,0.1,0.0,9.8,-0.1,0.0,59.1,0.1,0.0
LSR1,10/26/2025,1.5,"2,869.3","1,809.3",9.1,"4,116.7",6.8,3.1,0.4,"1,349.2","3,433.2",0.1,0.1,0.0,12.9,9.5,0.0,1.0,0.2,16.5,0.1,0.1,18.1,-0.1,0.0,58.1,0.0,0.0
MCD1,11/3/2025,1.9,"3,034.6","2,437.9",5.4,"4,265.4",4.1,5.1,0.6,"1,593.1","2,727.4",0.2,0.1,0.0,4.0,3.6,0.0,0.7,0.3,15.9,0.1,0.0,15.6,-0.1,0.0,51.0,0.0,0.0
SCH1,11/3/2025,2.8,"3,284.3","2,174.2",10.8,"4,364.5",7.4,5.9,0.7,"1,468.8","2,451.1",0.3,0.1,0.0,13.4,1.8,0.1,0.8,0.4,18.1,0.1,0.0,14.3,-0.1,0.0,52.0,0.0,0.0
CHY1,11/3/2025,2.7,"2,269.4","2,823.9",5.5,"4,346.7",5.6,3.5,0.5,"1,431.1","3,488.0",0.4,0.1,0.1,9.6,2.0,0.5,1.7,0.3,15.7,0.1,0.0,15.1,-0.1,0.0,72.2,0.0,0.0
FSV1,11/3/2025,0.3,"3,940.0","1,671.8",17.5,"2,650.4",9.9,3.5,4.2,955.2,"2,845.0",0.4,0.1,0.0,26.8,1.2,0.0,0.7,0.3,25.1,0.1,0.1,13.1,-0.1,0.0,56.1,0.0,0.0
BST1,11/3/2025,1.5,"1,612.6","1,516.3",16.6,"3,783.4",7.5,4.5,0.4,"1,003.8","2,652.1",0.3,0.1,0.0,25.8,9.1,0.1,1.0,0.2,18.9,0.1,0.0,12.8,-0.1,0.0,49.7,0.0,0.0
SRT1,11/3/2025,1.3,"1,611.4",973.5,47.1,"3,624.6",6.1,3.0,0.3,773.8,"1,824.5",1.2,0.1,0.1,44.7,7.7,0.6,1.9,0.3,18.8,0.1,0.1,9.7,0.1,0.0,47.7,0.0,0.0
LSR1,11/3/2025,1.6,"2,328.4","1,535.0",13.6,"4,253.6",8.1,3.1,0.4,"1,408.3","3,029.9",0.4,0.1,0.1,16.6,3.1,0.0,1.0,0.9,19.7,0.1,0.1,15.9,0.0,0.0,60.1,0.0,0.0
